,class,precision,recall,f1-score,support
0,cas,0.2604166666666667,0.43103448275862066,0.3246753246753247,58
1,cash,0.3090909090909091,0.25,0.2764227642276423,68
2,trade,0.48,0.32,0.38399999999999995,75
